{"adj": [[0, 0, 0, 0, 0, 1, 0, 0, 1, 0], [0, 0, 0, 1, 0, 0, 1, 1, 1, 1], [0, 0, 0, 0, 0, 1, 1, 0, 1, 1], [0, 0, 0, 0, 1, 1, 0, 1, 0, 1], [0, 0, 0, 0, 0, 0, 0, 0, 0, 1], [0, 0, 0, 0, 0, 0, 0, 1, 1, 1], [0, 0, 0, 0, 0, 0, 0, 1, 1, 0], [0, 0, 0, 0, 0, 0, 0, 0, 0, 1], [0, 0, 0, 0, 0, 0, 0, 0, 0, 0], [0, 0, 0, 0, 0, 0, 0, 0, 0, 0]], "params": [0.6120939795659508, 0.5019576031660662, 0.3413554863991206, 0.5027732879561673, 0.6692028583979793, 0.6500042148535087, 0.6607629024029266, 0.609746554149817, 0.332642867274574, 0.59659280940485], "all_descendants": [[8, 9, 5, 7], [3, 4, 5, 6, 7, 8, 9], [5, 6, 7, 8, 9], [4, 5, 7, 8, 9], [9], [8, 9, 7], [8, 9, 7], [9], [], []]}