{"adj": [[0, 1, 1, 0, 0], [0, 0, 0, 0, 0], [0, 0, 0, 0, 1], [0, 0, 0, 0, 1], [0, 0, 0, 0, 0]], "params": [0.3286354697978575, 0.4941289776215789, 0.47532105522606255, 0.5672463017601083, 0.33616488337712164], "all_descendants": [[1, 2, 4], [], [4], [4], []]}