{"adj": [[0, 1, 0, 1, 0, 0, 0, 1], [0, 0, 1, 0, 1, 1, 0, 1], [0, 0, 0, 0, 0, 1, 0, 1], [0, 0, 0, 0, 1, 1, 1, 1], [0, 0, 0, 0, 0, 1, 0, 0], [0, 0, 0, 0, 0, 0, 0, 0], [0, 0, 0, 0, 0, 0, 0, 0], [0, 0, 0, 0, 0, 0, 0, 0]], "params": [0.5762037892432195, 0.7925293809033223, 0.41447280101832074, 0.8926238852082191, 0.4509924086561753, 0.44030864123894875, 0.45977545001501735, 0.5104793598628719], "all_descendants": [[1, 2, 3, 4, 5, 6, 7], [2, 4, 5, 7], [5, 7], [4, 5, 6, 7], [5], [], [], []]}